date,product_id,category,sales,customers,region,month,day_of_week,weekend,sales_category,sales_7d_avg
2023-01-01,C,Roupas,1177.240393225875,51,Sul,1,Sunday,True,Médio,1177.240393225875
2023-01-02,D,Roupas,958.1820020203324,51,Oeste,1,Monday,False,Médio,958.1820020203324
2023-01-03,A,Casa,1019.2881920465663,52,Leste,1,Tuesday,False,Médio,1019.2881920465663
2023-01-04,C,Casa,776.6177260276066,41,Norte,1,Wednesday,False,Baixo,976.9290596267408
2023-01-05,C,Roupas,1111.5812256548932,46,Norte,1,Thursday,False,Médio,1021.8131149694583
2023-01-06,D,Eletrônicos,725.8985314097355,53,Oeste,1,Friday,False,Baixo,842.040266715034
2023-01-07,A,Eletrônicos,1090.7003161374744,58,Norte,1,Saturday,True,Médio,1054.9942540920204
2023-01-08,A,Roupas,997.2670654424995,60,Sul,1,Sunday,True,Médio,1035.7518578755135
2023-01-09,C,Eletrônicos,678.1676187008038,53,Sul,1,Monday,False,Baixo,935.9017409022947
2023-01-10,B,Roupas,1270.0900294978107,58,Norte,1,Tuesday,False,Alto,1270.0900294978107
2023-01-11,C,Eletrônicos,1016.9307507898078,47,Sul,1,Wednesday,False,Médio,952.1075428797973
2023-01-12,C,Eletrônicos,1449.6385116293286,47,Norte,1,Thursday,False,Alto,1035.0293710047192
2023-01-13,C,Casa,1375.373542566502,56,Norte,1,Friday,False,Alto,1083.6499669421169
2023-01-14,C,Casa,878.9725158271343,49,Norte,1,Saturday,True,Médio,1041.040270170868
2023-01-15,D,Eletrônicos,901.9201142381952,50,Oeste,1,Sunday,True,Médio,862.0002158894209
2023-01-16,A,Eletrônicos,824.2545285497375,55,Norte,1,Monday,False,Médio,982.8775255440694
2023-01-17,D,Casa,738.4076202152378,48,Oeste,1,Tuesday,False,Baixo,831.1020669708753
2023-01-18,D,Casa,994.8018529617916,53,Norte,1,Wednesday,False,Médio,863.8420241690585
2023-01-19,D,Casa,1406.6395593703282,41,Norte,1,Thursday,False,Alto,954.3082800359367
2023-01-20,C,Roupas,676.4873260174048,54,Norte,1,Friday,False,Baixo,1026.7359273122677
2023-01-21,B,Eletrônicos,1288.8988094103065,57,Sul,1,Saturday,True,Alto,1279.4944194540585
2023-01-22,A,Casa,1276.0753266367346,57,Oeste,1,Sunday,True,Alto,1041.5170857626024
2023-01-23,B,Eletrônicos,1234.1609340992727,37,Oeste,1,Monday,False,Alto,1264.38325766913
2023-01-24,D,Roupas,1279.2991830548165,50,Norte,1,Tuesday,False,Alto,1000.7355518957767
2023-01-25,D,Roupas,873.0021319210927,40,Norte,1,Wednesday,False,Médio,988.5669990244568
2023-01-26,B,Casa,1296.5358230503566,45,Sul,1,Thursday,False,Alto,1272.4213990144367
2023-01-27,B,Roupas,1005.7187093581387,55,Sul,1,Friday,False,Médio,1219.080861083177
2023-01-28,B,Eletrônicos,576.4931727926022,53,Sul,1,Saturday,True,Baixo,1111.982913034748
2023-01-29,D,Casa,1152.1444980712774,51,Oeste,1,Sunday,True,Médio,1049.4592799761056
2023-01-30,D,Eletrônicos,950.5524293805389,48,Oeste,1,Monday,False,Médio,1056.4067535678691
2023-01-31,A,Eletrônicos,1460.1530175559626,48,Oeste,1,Tuesday,False,Alto,1111.2897410614958
2023-02-01,A,Roupas,1086.5926107636346,68,Norte,2,Wednesday,False,Médio,1107.7615795903728
2023-02-02,D,Roupas,1167.5785615089012,39,Oeste,2,Thursday,False,Médio,1117.7168880383922
2023-02-03,B,Roupas,1251.8003041677684,37,Leste,2,Friday,False,Alto,1131.9568260537508
2023-02-04,B,Roupas,1103.3871730657904,49,Leste,2,Saturday,True,Médio,1108.142132277748
2023-02-05,A,Roupas,1145.7114867839668,55,Sul,2,Sunday,True,Médio,1125.8220502671443
2023-02-06,D,Casa,1372.3517679787699,66,Oeste,2,Monday,False,Alto,1171.652590183675
2023-02-07,A,Eletrônicos,927.1035200409096,67,Leste,2,Tuesday,False,Médio,1102.4510793962065
2023-02-08,A,Eletrônicos,1016.5581377141827,50,Sul,2,Wednesday,False,Médio,1105.2069468635898
2023-02-09,C,Eletrônicos,957.0965163983219,51,Oeste,2,Thursday,False,Médio,1004.6666831327576
2023-02-10,C,Eletrônicos,1532.7582444205364,67,Norte,2,Friday,False,Alto,1126.7510582355767
2023-02-11,C,Roupas,1026.9402720250378,53,Leste,2,Saturday,True,Médio,1128.1809898406095
2023-02-12,B,Eletrônicos,1164.1456638783604,47,Norte,2,Sunday,True,Médio,1090.3202543446127
2023-02-13,D,Casa,1057.907709717368,48,Oeste,2,Monday,False,Médio,1121.8337545189663
2023-02-14,D,Casa,1131.7761685764565,52,Leste,2,Tuesday,False,Médio,1100.759038164915
2023-02-15,D,Eletrônicos,1031.4035339637112,37,Oeste,2,Wednesday,False,Médio,1123.387809885289
2023-02-16,D,Eletrônicos,1325.7998987383655,46,Norte,2,Thursday,False,Alto,1148.1957242663016
2023-02-17,C,Casa,963.7308803419716,54,Leste,2,Friday,False,Médio,1058.7656139424155
2023-02-18,B,Casa,890.4580862593223,56,Norte,2,Saturday,True,Médio,1041.2198475103341
2023-02-19,B,Roupas,1087.3800866723661,56,Oeste,2,Sunday,True,Médio,1011.3404565991926
2023-02-20,C,Casa,1031.5263147953344,61,Oeste,2,Monday,False,Médio,1009.6445814036773
2023-02-21,B,Roupas,901.4940246930198,54,Norte,2,Tuesday,False,Médio,996.451215932747
2023-02-22,C,Roupas,1154.2746083159118,54,Leste,2,Wednesday,False,Médio,1048.973451759217
2023-02-23,D,Roupas,826.4764531060487,51,Norte,2,Thursday,False,Médio,1130.4705847985172
2023-02-24,C,Roupas,1669.0308350679709,46,Oeste,2,Friday,False,Alto,1190.7653816235836
2023-02-25,D,Roupas,872.2631864140087,55,Norte,2,Saturday,True,Médio,1088.2826740706755
2023-02-26,D,Eletrônicos,1085.3278730253753,40,Oeste,2,Sunday,True,Médio,1047.2792605059049
2023-02-27,A,Casa,1148.5148149650317,57,Norte,2,Monday,False,Médio,1151.5298449229176
2023-02-28,C,Roupas,1674.093145948057,35,Leste,2,Tuesday,False,Alto,1293.19347155926
2023-03-01,A,Casa,820.6549739016092,50,Leste,3,Wednesday,False,Médio,1086.4697945321855
2023-03-02,C,Casa,1293.3584558187688,53,Norte,3,Thursday,False,Alto,1258.9935017590074
2023-03-03,C,Roupas,1521.6499814844726,51,Norte,3,Friday,False,Alto,1329.6663173960696
2023-03-04,A,Eletrônicos,1184.540805942789,60,Leste,3,Saturday,True,Médio,1047.0966214445891
2023-03-05,A,Roupas,969.2050127055616,49,Oeste,3,Sunday,True,Médio,1030.32696457915
2023-03-06,C,Eletrônicos,1240.2181766331912,51,Leste,3,Monday,False,Alto,1369.1645025805296
2023-03-07,B,Casa,1657.7391589432145,51,Oeste,3,Tuesday,False,Alto,1150.9149282399774
2023-03-08,D,Eletrônicos,1115.4353988712892,55,Norte,3,Wednesday,False,Médio,1055.4975018136079
2023-03-09,A,Eletrônicos,1640.246420331491,48,Norte,3,Thursday,False,Alto,1100.9748122287963
2023-03-10,D,Eletrônicos,1342.3182566596577,48,Oeste,3,Friday,False,Alto,1085.5749429683508
2023-03-11,B,Casa,1593.357845840357,43,Norte,3,Saturday,True,Alto,1199.708862764633
2023-03-12,B,Casa,1336.1406518750005,63,Oeste,3,Sunday,True,Alto,1232.959359737377
2023-03-13,B,Eletrônicos,1157.767073283679,38,Sul,3,Monday,False,Médio,1232.0481325095657
2023-03-14,A,Eletrônicos,1704.4329184597796,50,Leste,3,Tuesday,False,Alto,1212.0218691457778
2023-03-15,B,Roupas,1343.216718448815,45,Sul,3,Wednesday,False,Alto,1296.7279371080645
2023-03-16,A,Eletrônicos,1329.7050982367143,39,Oeste,3,Thursday,False,Alto,1256.7571492204254
2023-03-17,B,Roupas,1496.4200076629634,50,Leste,3,Friday,False,Alto,1355.1622115352927
2023-03-18,D,Eletrônicos,1528.1019098030401,46,Oeste,3,Saturday,True,Alto,1156.5318538025408
2023-03-19,D,Roupas,1500.9018331791415,55,Leste,3,Sunday,True,Alto,1181.5464158655086
2023-03-20,C,Casa,943.1414138131227,45,Leste,3,Monday,False,Médio,1356.5380881544993
2023-03-21,D,Eletrônicos,1128.520213545189,33,Leste,3,Tuesday,False,Médio,1224.6955244996716
2023-03-22,C,Eletrônicos,1124.4307843079002,48,Leste,3,Wednesday,False,Médio,1352.2746847247834
2023-03-23,D,Eletrônicos,1093.5070539654275,45,Oeste,3,Thursday,False,Médio,1256.3017912927314
2023-03-24,A,Eletrônicos,1070.11980964863,52,Leste,3,Friday,False,Médio,1245.5578627466534
2023-03-25,D,Roupas,1122.9188638183457,36,Leste,3,Saturday,True,Médio,1261.6719328345844
2023-03-26,C,Eletrônicos,1384.8565596293677,58,Sul,3,Sunday,True,Alto,1311.6783596621258
2023-03-27,C,Casa,1426.6402635212587,58,Norte,3,Monday,False,Alto,1276.3279478868687
2023-03-28,B,Casa,1298.350748099859,34,Norte,3,Tuesday,False,Alto,1411.8560291648412
2023-03-29,A,Eletrônicos,1188.497462783445,53,Sul,3,Wednesday,False,Médio,1298.1067897297728
2023-03-30,D,Casa,1631.0313372276687,50,Sul,3,Thursday,False,Alto,1335.3284954569244
2023-03-31,B,Eletrônicos,1275.9719480139263,50,Oeste,3,Friday,False,Alto,1357.317856174943
2023-04-01,D,Eletrônicos,1543.5563900499242,50,Oeste,4,Saturday,True,Alto,1364.0768002269626
2023-04-02,D,Casa,1151.9727443047846,49,Oeste,4,Sunday,True,Médio,1310.3440622986402
2023-04-03,B,Eletrônicos,1407.538256821083,55,Sul,4,Monday,False,Alto,1330.772200600761
2023-04-04,B,Casa,1648.7703594373243,60,Sul,4,Tuesday,False,Alto,1375.4335873953785
2023-04-05,B,Roupas,621.5543872305244,49,Leste,4,Wednesday,False,Baixo,1298.8317751020707
2023-04-06,B,Eletrônicos,1129.1348407012965,45,Oeste,4,Thursday,False,Médio,1268.248649709568
2023-04-07,B,Roupas,1453.2516111884354,63,Oeste,4,Friday,False,Alto,1262.0817359274927
2023-04-08,D,Casa,1613.5073313390237,45,Oeste,4,Saturday,True,Alto,1326.4305620357661
2023-04-09,B,Roupas,1350.7043997301378,34,Norte,4,Sunday,True,Alto,1269.5608290175326
2023-04-10,A,Roupas,1310.1966988098682,69,Leste,4,Monday,False,Alto,1316.057631567927
2023-04-11,C,Casa,1714.2595397483453,50,Oeste,4,Tuesday,False,Alto,1336.4566741625226
2023-04-12,B,Roupas,1625.9486086979446,51,Oeste,4,Wednesday,False,Alto,1319.557494829535
2023-04-13,B,Roupas,1069.9364432747914,51,Oeste,4,Thursday,False,Médio,1271.3286643229221
2023-04-14,D,Casa,1324.0085709168484,55,Norte,4,Friday,False,Alto,1354.3574702317176
2023-04-15,B,Roupas,1385.9286903825132,59,Norte,4,Saturday,True,Alto,1233.7798544579489
2023-04-16,B,Casa,1735.5962372430968,42,Sul,4,Sunday,True,Alto,1392.9286901740306
2023-04-17,B,Roupas,1513.8935806302375,46,Leste,4,Monday,False,Alto,1447.8942244495938
2023-04-18,D,Casa,1262.3383932814986,63,Sul,4,Tuesday,False,Alto,1378.4762329911562
2023-04-19,B,Casa,1344.2895616620463,54,Leste,4,Wednesday,False,Alto,1432.3282173743953
2023-04-20,C,Roupas,801.5301681294618,49,Norte,4,Thursday,False,Médio,1233.5824151118068
2023-04-21,D,Roupas,1533.3507733366796,44,Oeste,4,Friday,False,Alto,1437.109362922347
2023-04-22,C,Roupas,1448.5012076950604,56,Sul,4,Saturday,True,Alto,1263.3371338349311
2023-04-23,D,Eletrônicos,1591.634495598486,43,Oeste,4,Sunday,True,Alto,1431.4812426896065
2023-04-24,B,Eletrônicos,1242.3631119072904,46,Sul,4,Monday,False,Alto,1416.8508905425601
2023-04-25,C,Eletrônicos,1309.9962606733166,40,Norte,4,Tuesday,False,Alto,1315.744969100673
2023-04-26,D,Casa,1152.507326688261,41,Norte,4,Wednesday,False,Médio,1375.6170907807973
2023-04-27,A,Roupas,980.8449610082487,58,Norte,4,Thursday,False,Médio,1317.7204813254536
2023-04-28,B,Casa,1117.9124019993912,42,Sul,4,Friday,False,Médio,1344.2742895856238
2023-04-29,D,Eletrônicos,807.1036478540512,56,Leste,4,Saturday,True,Médio,1326.3500770021212
2023-04-30,A,Roupas,1498.071627434104,42,Sul,4,Sunday,True,Alto,1297.409796625827
2023-05-01,D,Casa,714.1917719888473,54,Leste,5,Monday,False,Baixo,1197.8764256663817
2023-05-02,A,Roupas,1774.2262896284346,35,Sul,5,Tuesday,False,Alto,1307.3802782213493
2023-05-03,B,Casa,814.755723794239,54,Sul,5,Wednesday,False,Médio,1307.819901088402
2023-05-04,C,Roupas,1633.1576749271492,53,Norte,5,Thursday,False,Alto,1388.4202391891372
2023-05-05,A,Eletrônicos,1025.9119990306185,47,Oeste,5,Friday,False,Médio,1263.9812640490497
2023-05-06,D,Eletrônicos,1391.1231674735307,57,Oeste,5,Saturday,True,Alto,1207.4642251744792
2023-05-07,B,Roupas,1060.1096701439355,57,Leste,5,Sunday,True,Médio,1261.2743267686053
2023-05-08,A,Casa,1661.711790952889,49,Oeste,5,Monday,False,Alto,1348.4944042353725
2023-05-09,D,Eletrônicos,1252.7992370377792,50,Sul,5,Tuesday,False,Alto,1206.1014885682337
2023-05-10,D,Eletrônicos,1504.8820947056151,46,Sul,5,Wednesday,False,Alto,1202.0345344780815
2023-05-11,D,Eletrônicos,1254.4893923943084,56,Norte,5,Thursday,False,Alto,1153.870948306056
2023-05-12,A,Roupas,1319.467390655076,41,Norte,5,Friday,False,Alto,1367.2043939313196
2023-05-13,A,Roupas,1380.6261260773229,69,Oeste,5,Saturday,True,Alto,1377.2657406838134
2023-05-14,A,Casa,1096.1780708712931,56,Leste,5,Sunday,True,Médio,1393.7418992356768
2023-05-15,C,Casa,909.3695797349984,46,Oeste,5,Monday,False,Médio,1320.4935277756558
2023-05-16,A,Casa,901.570928754396,55,Oeste,5,Tuesday,False,Médio,1308.5275137100045
2023-05-17,A,Roupas,1227.6609002160792,43,Oeste,5,Wednesday,False,Alto,1230.4467437939534
2023-05-18,A,Roupas,1093.2604798250652,55,Oeste,5,Thursday,False,Médio,1240.0679553360173
2023-05-19,C,Casa,689.552083664556,49,Sul,5,Friday,False,Baixo,1215.1952163675555
2023-05-20,A,Casa,1327.772078851168,42,Leste,5,Saturday,True,Alto,1192.3622821786287
2023-05-21,D,Roupas,907.8794971110182,39,Sul,5,Sunday,True,Médio,1118.9241155093073
2023-05-22,A,Casa,918.8702431048257,49,Leste,5,Monday,False,Médio,1135.1341182428785
2023-05-23,D,Eletrônicos,1182.6876356231483,70,Norte,5,Tuesday,False,Médio,1172.5789709048925
2023-05-24,D,Roupas,974.6481574860276,49,Oeste,5,Wednesday,False,Médio,1209.7870259759181
2023-05-25,D,Casa,1213.6090244492505,52,Sul,5,Thursday,False,Alto,1184.4278626867351
2023-05-26,C,Roupas,1646.4162909012732,44,Leste,5,Friday,False,Alto,1205.5033236751165
2023-05-27,C,Eletrônicos,1087.155776799598,44,Norte,5,Saturday,True,Médio,1246.3069820565647
2023-05-28,C,Roupas,923.7384233430363,53,Norte,5,Sunday,True,Médio,1171.3408700062753
2023-05-29,A,Roupas,1210.2723355924807,52,Oeste,5,Monday,False,Alto,1110.7978624593295
2023-05-30,D,Roupas,983.1645094396562,49,Leste,5,Tuesday,False,Médio,1145.9086158870034
2023-05-31,C,Roupas,1164.7256483592041,48,Sul,5,Wednesday,False,Médio,1150.5879253899736
2023-06-01,C,Eletrônicos,1227.7191840500084,55,Oeste,6,Thursday,False,Alto,1092.6681409789535
2023-06-02,A,Roupas,1142.2746257054755,61,Sul,6,Friday,False,Médio,1117.3830845784985
2023-06-03,C,Roupas,1158.8437864621176,55,Norte,6,Saturday,True,Médio,1128.3073133685418
2023-06-04,A,Casa,1185.1962409787548,39,Sul,6,Sunday,True,Médio,1157.9009863248355
2023-06-05,B,Roupas,1499.882615385785,43,Sul,6,Monday,False,Alto,1227.6009522175607
2023-06-06,C,Casa,1074.8868322207104,37,Oeste,6,Tuesday,False,Médio,1183.3551345908497
2023-06-07,B,Eletrônicos,1156.2365632939498,60,Sul,6,Wednesday,False,Médio,1176.507092598091
2023-06-08,A,Eletrônicos,1317.4675900814855,58,Oeste,6,Thursday,False,Alto,1170.730513448465
2023-06-09,D,Eletrônicos,1223.4081802881365,43,Norte,6,Friday,False,Alto,1105.6980566845066
2023-06-10,C,Eletrônicos,1033.5526413689508,57,Oeste,6,Saturday,True,Médio,1095.8031846576607
2023-06-11,A,Casa,1308.4597899272583,52,Oeste,6,Sunday,True,Alto,1201.4732720344925
2023-06-12,D,Roupas,911.3674986088765,52,Leste,6,Monday,False,Médio,1056.6806432865876
2023-06-13,D,Eletrônicos,1048.9910681262186,53,Sul,6,Tuesday,False,Médio,1076.839439145902
2023-06-14,B,Roupas,925.2288466796929,52,Norte,6,Wednesday,False,Médio,1116.6412761720405
2023-06-15,A,Casa,1214.5062690644381,53,Oeste,6,Thursday,False,Alto,1185.2924420649597
2023-06-16,D,Casa,1341.9908998122903,52,Norte,6,Friday,False,Alto,1099.5970483157794
2023-06-17,C,Casa,1127.3000418572724,50,Leste,6,Saturday,True,Médio,1101.5380796658999
2023-06-18,C,Eletrônicos,1090.2753848148816,42,Sul,6,Sunday,True,Médio,1125.329074161878
2023-06-19,B,Roupas,881.9988001205769,55,Oeste,6,Monday,False,Médio,1065.16066020251
2023-06-20,D,Roupas,914.5454897476611,53,Sul,6,Tuesday,False,Médio,1091.0109529245842
2023-06-21,A,Roupas,806.2689288973062,52,Leste,6,Wednesday,False,Médio,1169.2065400353142
2023-06-22,C,Casa,595.1160229695222,49,Leste,6,Thursday,False,Baixo,1043.9562705347803
2023-06-23,D,Eletrônicos,966.8155189735928,59,Norte,6,Friday,False,Médio,1055.7547378566333
2023-06-24,D,Casa,981.5108946732147,33,Oeste,6,Saturday,True,Médio,1055.518507175713
2023-06-25,B,Casa,1489.9778814357076,46,Norte,6,Sunday,True,Alto,1118.3128715505552
2023-06-26,C,Roupas,1356.5305480452776,50,Leste,6,Monday,False,Alto,1062.3578939626761
2023-06-27,C,Casa,1142.6407782112228,48,Sul,6,Tuesday,False,Médio,1060.0431784982625
2023-06-28,A,Roupas,1449.7900111131876,48,Norte,6,Wednesday,False,Alto,1203.4233508239865
2023-06-29,C,Eletrônicos,1301.2697339270844,58,Norte,6,Thursday,False,Alto,1092.3835930277446
2023-06-30,A,Roupas,606.2108620775535,68,Sul,6,Friday,False,Baixo,1126.8428131628548
2023-07-01,C,Eletrônicos,1222.890369717766,58,Norte,7,Saturday,True,Alto,1119.431839934718
2023-07-02,B,Roupas,1145.2403611843906,55,Sul,7,Sunday,True,Médio,1165.5249626062912
2023-07-03,C,Casa,939.6917520122928,50,Oeste,7,Monday,False,Médio,1092.6306556711497
2023-07-04,A,Casa,711.4062633279243,50,Sul,7,Tuesday,False,Baixo,1059.1585306413076
2023-07-05,A,Eletrônicos,1104.6366280572238,52,Oeste,7,Wednesday,False,Médio,1028.7541074949845
2023-07-06,B,Eletrônicos,573.6219378511053,57,Sul,7,Thursday,False,Baixo,1096.026715135887
2023-07-07,C,Eletrônicos,972.5887760588198,47,Leste,7,Friday,False,Médio,1075.818282991712
2023-07-08,C,Roupas,851.7211566900337,49,Leste,7,Saturday,True,Médio,1112.4761592374996
2023-07-09,B,Roupas,723.1675527020184,44,Oeste,7,Sunday,True,Baixo,985.0674204667773
2023-07-10,C,Eletrônicos,1189.9523905093263,48,Oeste,7,Monday,False,Médio,1088.6792795895067
2023-07-11,C,Casa,948.359918968165,53,Leste,7,Tuesday,False,Médio,1060.9248711262126
2023-07-12,A,Roupas,984.2517856481204,50,Oeste,7,Wednesday,False,Médio,982.4386783122505
2023-07-13,C,Roupas,1117.8521113169095,37,Sul,7,Thursday,False,Médio,1034.7223536104734
2023-07-14,C,Roupas,939.3437536479204,39,Sul,7,Friday,False,Médio,994.2156941719239
2023-07-15,B,Eletrônicos,1020.4428211550616,52,Leste,7,Saturday,True,Médio,965.6683144469362
2023-07-16,B,Eletrônicos,1082.804907772706,53,Norte,7,Sunday,True,Médio,988.1791803173666
2023-07-17,D,Eletrônicos,1030.844454147406,53,Sul,7,Monday,False,Médio,1028.0094034413228
2023-07-18,A,Eletrônicos,973.5721993335463,48,Oeste,7,Tuesday,False,Médio,948.0195254935517
2023-07-19,C,Eletrônicos,1242.5723896864342,52,Norte,7,Wednesday,False,Alto,1037.4843566968013
2023-07-20,C,Casa,1137.2697579645069,44,Norte,7,Thursday,False,Médio,1061.0102112547568
2023-07-21,D,Casa,890.5264370010715,60,Sul,7,Friday,False,Médio,1025.032108925922
2023-07-22,C,Eletrônicos,737.2184997428758,46,Sul,7,Saturday,True,Baixo,1044.652688833734
2023-07-23,A,Roupas,1010.7980643735121,54,Norte,7,Sunday,True,Médio,977.2379734187241
2023-07-24,D,Eletrônicos,929.9732247964192,49,Norte,7,Monday,False,Médio,1008.029559878808
2023-07-25,A,Casa,1189.75666660745,65,Leste,7,Tuesday,False,Médio,940.0903527750472
2023-07-26,D,Casa,1056.1014594246,47,Oeste,7,Wednesday,False,Médio,967.188211251995
2023-07-27,D,Roupas,1011.2641927567978,52,Leste,7,Thursday,False,Médio,981.0051688247289
2023-07-28,B,Casa,874.7599411179357,51,Sul,7,Friday,False,Médio,987.1450576027036
2023-07-29,A,Eletrônicos,715.8503210695936,54,Leste,7,Saturday,True,Baixo,955.753132631053
2023-07-30,C,Roupas,829.0505567570634,59,Leste,7,Sunday,True,Médio,993.095284011982
2023-07-31,C,Eletrônicos,940.5380411526539,51,Leste,7,Monday,False,Médio,991.9778728954806
2023-08-01,A,Eletrônicos,558.6650249048952,44,Leste,8,Tuesday,False,Baixo,933.9329557134773
2023-08-02,C,Roupas,1060.6263104817117,53,Oeste,8,Wednesday,False,Médio,983.8027584904523
2023-08-03,C,Eletrônicos,1194.5866628527926,42,Oeste,8,Thursday,False,Médio,1020.2660312340056
2023-08-04,A,Casa,513.7273908723004,39,Norte,8,Friday,False,Baixo,849.5173504013454
2023-08-05,D,Eletrônicos,602.1920067002612,54,Sul,8,Saturday,True,Baixo,928.9160956428243
2023-08-06,A,Roupas,870.3447151857637,50,Leste,8,Sunday,True,Médio,833.244911763866
2023-08-07,D,Roupas,731.4082628938139,45,Norte,8,Monday,False,Baixo,893.1871482457672
2023-08-08,C,Roupas,866.644293836524,47,Norte,8,Tuesday,False,Médio,966.5620175411613
2023-08-09,C,Eletrônicos,807.7652232271208,40,Norte,8,Wednesday,False,Médio,919.4899411501061
2023-08-10,C,Roupas,648.447302205123,55,Oeste,8,Thursday,False,Baixo,906.8083415018556
2023-08-11,B,Roupas,1020.4463038493228,43,Leste,8,Friday,False,Médio,920.0691179475058
2023-08-12,D,Eletrônicos,882.3922025312315,42,Leste,8,Saturday,True,Médio,871.9796837291708
2023-08-13,B,Casa,713.5078086800198,69,Sul,8,Sunday,True,Baixo,858.3930390183098
2023-08-14,B,Eletrônicos,1040.2586900377808,47,Leste,8,Monday,False,Médio,925.055432187835
2023-08-15,A,Roupas,714.853341496831,44,Leste,8,Tuesday,False,Baixo,796.2850749300495
2023-08-16,B,Roupas,595.3042116139744,59,Norte,8,Wednesday,False,Baixo,906.7892406038287
2023-08-17,A,Eletrônicos,817.2583055074982,40,Sul,8,Thursday,False,Médio,768.6365379491903
2023-08-18,A,Casa,840.1212661572098,62,Leste,8,Friday,False,Médio,718.6886235991559
2023-08-19,B,Roupas,864.2322730059549,64,Oeste,8,Saturday,True,Médio,884.4734480110991
2023-08-20,D,Roupas,885.9345751346763,53,Leste,8,Sunday,True,Médio,871.3237034625429
2023-08-21,D,Roupas,854.1166997317722,47,Norte,8,Monday,False,Médio,860.4870570247361
2023-08-22,D,Eletrônicos,844.1386937632319,52,Oeste,8,Tuesday,False,Médio,830.206661930255
2023-08-23,D,Roupas,679.4595873402042,56,Norte,8,Wednesday,False,Baixo,782.8060040135987
2023-08-24,D,Casa,660.2457870019961,45,Leste,8,Thursday,False,Baixo,791.0994011995608
2023-08-25,B,Roupas,874.1546306171036,53,Oeste,8,Friday,False,Médio,854.6662655602988
2023-08-26,B,Roupas,794.9667506228504,63,Sul,8,Saturday,True,Baixo,843.2672383467153
2023-08-27,C,Casa,878.9020209938611,46,Sul,8,Sunday,True,Médio,913.9299792499696
2023-08-28,D,Roupas,495.28724801360426,47,Oeste,8,Monday,False,Baixo,757.3678276452453
2023-08-29,B,Eletrônicos,674.1822854994155,53,Oeste,8,Tuesday,False,Baixo,793.8009500110142
2023-08-30,C,Eletrônicos,1031.1147074245298,53,Norte,8,Wednesday,False,Médio,926.8695030030948
2023-08-31,D,Eletrônicos,825.8875002502094,51,Oeste,8,Thursday,False,Médio,749.2957273193849
2023-09-01,A,Casa,784.8613290686017,51,Norte,9,Friday,False,Baixo,728.5473390275856
2023-09-02,C,Roupas,843.0468491497928,51,Leste,9,Saturday,True,Médio,895.7867228128207
2023-09-03,B,Eletrônicos,1061.0786391031347,42,Norte,9,Sunday,True,Médio,843.453925785745
2023-09-04,A,Casa,1026.7297600482877,56,Oeste,9,Monday,False,Médio,795.413729762356
2023-09-05,A,Roupas,500.24386661292743,51,Oeste,9,Tuesday,False,Baixo,793.4875120110171
2023-09-06,A,Casa,552.5038222346852,57,Leste,9,Wednesday,False,Baixo,748.081670160863
2023-09-07,C,Eletrônicos,492.28723265285043,41,Oeste,9,Thursday,False,Baixo,795.4582327842575
2023-09-08,B,Eletrônicos,616.4353723416125,44,Oeste,9,Friday,False,Baixo,782.9077375434351
2023-09-09,A,Eletrônicos,730.6509591797054,48,Sul,9,Saturday,True,Baixo,750.3384726869879
2023-09-10,D,Casa,755.6708923267154,55,Sul,9,Sunday,True,Baixo,730.6866297753904
2023-09-11,A,Casa,498.8724665975489,50,Leste,9,Monday,False,Baixo,704.8547814141381
2023-09-12,A,Eletrônicos,449.32929628544787,48,Norte,9,Tuesday,False,Baixo,649.0273571467434
2023-09-13,C,Casa,606.0511746920247,53,Sul,9,Wednesday,False,Baixo,758.2306443350433
2023-09-14,C,Eletrônicos,844.7058465918311,43,Norte,9,Thursday,False,Médio,763.5078762442876
2023-09-15,B,Eletrônicos,867.7362162171695,43,Oeste,9,Friday,False,Médio,821.8265953438917
2023-09-16,D,Roupas,953.5130865194661,52,Sul,9,Saturday,True,Médio,744.8861136022039
2023-09-17,C,Casa,705.0302351920619,51,Leste,9,Sunday,True,Baixo,771.5911523852789
2023-09-18,A,Eletrônicos,825.6914544326971,38,Leste,9,Monday,False,Médio,654.8602321987571
2023-09-19,B,Eletrônicos,850.0357387993256,48,Leste,9,Tuesday,False,Médio,819.7985190286589
2023-09-20,A,Casa,635.9478806452588,58,Sul,9,Wednesday,False,Baixo,599.0342494268958
2023-09-21,A,Roupas,759.8176287857491,57,Norte,9,Thursday,False,Baixo,636.1162154515847
2023-09-22,C,Roupas,796.9896341488882,46,Oeste,9,Friday,False,Baixo,759.889382835997
2023-09-23,B,Eletrônicos,575.497025233339,43,Norte,9,Saturday,True,Baixo,777.1331468309781
2023-09-24,D,Casa,933.434738446589,48,Norte,9,Sunday,True,Médio,757.642691414112
2023-09-25,D,Roupas,696.5735226146126,57,Oeste,9,Monday,False,Baixo,760.0875393104561
2023-09-26,C,Casa,713.6788992322283,50,Oeste,9,Tuesday,False,Baixo,714.5414102370968
2023-09-27,C,Casa,568.184626644488,50,Sul,9,Wednesday,False,Baixo,675.2753784506247
2023-09-28,B,Eletrônicos,591.407779154529,57,Sul,9,Thursday,False,Baixo,748.053293764075
2023-09-29,D,Roupas,392.6763979435352,42,Sul,9,Friday,False,Baixo,721.8633408735332
2023-09-30,D,Eletrônicos,707.8594400095787,61,Sul,9,Saturday,True,Baixo,752.2307968729581
2023-10-01,D,Roupas,1050.834021404027,51,Sul,10,Sunday,True,Médio,784.3660141806462
2023-10-02,A,Roupas,557.395489383426,46,Oeste,10,Monday,False,Baixo,636.8150250442619
2023-10-03,D,Roupas,1116.7783583695084,58,Norte,10,Tuesday,False,Médio,835.9527950439025
2023-10-04,A,Roupas,898.283813746906,57,Sul,10,Wednesday,False,Médio,660.7625756967191
2023-10-05,B,Roupas,634.1224862972748,41,Sul,10,Thursday,False,Baixo,742.3304653066264
2023-10-06,A,Casa,704.6239427713116,42,Norte,10,Friday,False,Baixo,690.1556437215423
2023-10-07,B,Eletrônicos,682.277177355128,59,Sul,10,Saturday,True,Baixo,688.215970771197
2023-10-08,D,Casa,941.1894961443961,51,Norte,10,Sunday,True,Médio,834.1922821331782
2023-10-09,D,Roupas,774.9568137957242,46,Norte,10,Monday,False,Baixo,811.552578611626
2023-10-10,B,Eletrônicos,869.2105900533154,43,Oeste,10,Tuesday,False,Médio,724.3267161585829
2023-10-11,C,Roupas,754.2110900461487,45,Leste,10,Wednesday,False,Baixo,712.6930723639529
2023-10-12,B,Eletrônicos,688.8773917387169,35,Oeste,10,Thursday,False,Baixo,698.775455518804
2023-10-13,C,Casa,751.6734503211566,45,Leste,10,Friday,False,Baixo,733.4962545966861
2023-10-14,A,Eletrônicos,649.132435424513,54,Leste,10,Saturday,True,Baixo,718.6989493128375
2023-10-15,A,Eletrônicos,502.2046119389882,49,Leste,10,Sunday,True,Baixo,672.4865432423076
2023-10-16,A,Eletrônicos,824.3587427663814,57,Sul,10,Monday,False,Médio,699.4023806881822
2023-10-17,D,Eletrônicos,497.02919668007837,46,Oeste,10,Tuesday,False,Baixo,783.0462463352641
2023-10-18,A,Eletrônicos,673.3973015337127,56,Leste,10,Wednesday,False,Baixo,687.0566196521769
2023-10-19,C,Roupas,650.3935075468588,53,Norte,10,Thursday,False,Baixo,705.7373490188329
2023-10-20,A,Eletrônicos,806.6418744174832,48,Sul,10,Friday,False,Médio,722.6632460856138
2023-10-21,B,Eletrônicos,940.4872605843332,47,Oeste,10,Saturday,True,Médio,711.6971014880909
2023-10-22,B,Casa,891.0873743271145,49,Leste,10,Sunday,True,Médio,756.7814370729159
2023-10-23,D,Eletrônicos,816.6577041579692,54,Norte,10,Monday,False,Médio,843.6150043658974
2023-10-24,B,Casa,630.8170981991586,53,Oeste,10,Tuesday,False,Baixo,762.4113397935773
2023-10-25,C,Roupas,697.1529723243578,52,Oeste,10,Wednesday,False,Baixo,704.6120257520181
2023-10-26,A,Eletrônicos,677.966760816832,44,Sul,10,Thursday,False,Baixo,691.1893813813175
2023-10-27,D,Casa,659.4326728986251,43,Oeste,10,Friday,False,Baixo,836.6968947786182
2023-10-28,A,Casa,671.3439638297477,47,Sul,10,Saturday,True,Baixo,686.4350986753798
2023-10-29,A,Roupas,669.544976388813,46,Leste,10,Sunday,True,Baixo,689.351175955994
2023-10-30,C,Eletrônicos,665.2069513962534,53,Sul,10,Monday,False,Baixo,685.7859282159274
2023-10-31,B,Eletrônicos,877.584305676905,42,Norte,10,Tuesday,False,Médio,797.1915997049531
2023-11-01,B,Casa,583.726804078651,48,Sul,11,Wednesday,False,Baixo,783.1129749511707
2023-11-02,A,Eletrônicos,634.0627561097405,47,Norte,11,Thursday,False,Baixo,708.1880536946729
2023-11-03,D,Casa,509.1098939965755,74,Sul,11,Friday,False,Baixo,759.307733720411
2023-11-04,B,Eletrônicos,959.5181850128447,55,Oeste,11,Saturday,True,Médio,796.0140599453891
2023-11-05,D,Casa,631.070012141719,44,Leste,11,Sunday,True,Baixo,689.9208271164409
2023-11-06,B,Eletrônicos,853.1433987619412,39,Norte,11,Monday,False,Médio,819.4806323772783
2023-11-07,D,Roupas,828.4576651075442,56,Sul,11,Tuesday,False,Médio,673.8162798254623
2023-11-08,C,Eletrônicos,959.9474406143057,52,Sul,11,Wednesday,False,Médio,720.967148413367
2023-11-09,D,Eletrônicos,730.6796710235187,42,Sul,11,Thursday,False,Baixo,667.4909737151472
2023-11-10,C,Roupas,620.7649691062057,40,Oeste,11,Friday,False,Baixo,728.4786259078982
2023-11-11,C,Eletrônicos,529.8465826620904,47,Oeste,11,Saturday,True,Baixo,696.4265534244613
2023-11-12,D,Roupas,342.27745153609396,47,Norte,11,Sunday,True,Baixo,645.3835815517208
2023-11-13,C,Eletrônicos,800.9474375073338,50,Norte,11,Monday,False,Médio,703.465694451058
2023-11-14,A,Casa,900.2516637695859,59,Oeste,11,Tuesday,False,Médio,719.0298995522736
2023-11-15,C,Casa,856.7643524351037,56,Norte,11,Wednesday,False,Médio,732.9472437208073
2023-11-16,B,Eletrônicos,545.8701664938976,51,Leste,11,Thursday,False,Baixo,763.1067617929303
2023-11-17,D,Eletrônicos,954.3307950534415,50,Leste,11,Friday,False,Médio,665.0511659653597
2023-11-18,A,Eletrônicos,683.0236394322682,51,Oeste,11,Saturday,True,Baixo,720.4050906806388
2023-11-19,D,Casa,652.9855319930379,54,Norte,11,Sunday,True,Baixo,664.1301458359901
2023-11-20,B,Eletrônicos,685.9908815005537,55,Sul,11,Monday,False,Baixo,733.8072628177073
2023-11-21,B,Casa,818.0414154915402,43,Leste,11,Tuesday,False,Médio,760.5535938594761
2023-11-22,B,Roupas,569.0356355729937,46,Oeste,11,Wednesday,False,Baixo,716.4752124160602
2023-11-23,C,Casa,807.3610769061869,42,Norte,11,Thursday,False,Médio,748.6912586610686
2023-11-24,C,Casa,887.6680285885467,67,Oeste,11,Friday,False,Médio,780.4714125456818
2023-11-25,D,Roupas,1003.5334688281669,63,Sul,11,Saturday,True,Médio,734.762085097646
2023-11-26,D,Casa,854.8195089303015,50,Leste,11,Sunday,True,Médio,766.7262989245864
2023-11-27,A,Eletrônicos,607.6139628361495,52,Oeste,11,Monday,False,Baixo,691.9725318833052
2023-11-28,A,Eletrônicos,859.1123184077193,58,Oeste,11,Tuesday,False,Médio,717.8504686820035
2023-11-29,D,Casa,660.7722598222433,40,Oeste,11,Wednesday,False,Baixo,742.7712410266862
2023-11-30,C,Eletrônicos,654.4952830982159,50,Sul,11,Thursday,False,Baixo,736.8353900433833
2023-12-01,B,Casa,616.4480598285735,38,Oeste,12,Friday,False,Baixo,721.1496775231919
2023-12-02,D,Eletrônicos,526.240419210299,40,Sul,12,Saturday,True,Baixo,713.5656336247977
2023-12-03,A,Eletrônicos,759.2384264596615,45,Sul,12,Sunday,True,Baixo,730.4068204862768
2023-12-04,C,Casa,1055.3148663790116,52,Sul,12,Monday,False,Médio,798.9139467966413
2023-12-05,D,Eletrônicos,1256.1426598704145,48,Leste,12,Tuesday,False,Alto,844.1178062439865
2023-12-06,D,Casa,770.3443099735777,43,Leste,12,Wednesday,False,Baixo,817.8340226611487
2023-12-07,C,Eletrônicos,1064.8760479184252,50,Oeste,12,Thursday,False,Médio,875.3467275475462
2023-12-08,D,Eletrônicos,810.1423432823914,52,Oeste,12,Friday,False,Médio,840.2849957024848
2023-12-09,C,Roupas,592.351535859437,48,Leste,12,Saturday,True,Baixo,845.5473130264181
2023-12-10,B,Roupas,1013.721755989659,37,Norte,12,Sunday,True,Médio,728.8930448055942
2023-12-11,C,Casa,935.8770925671872,45,Leste,12,Monday,False,Médio,856.8491330452872
2023-12-12,C,Roupas,1225.5296567381097,54,Sul,12,Tuesday,False,Alto,916.5875015927047
2023-12-13,C,Casa,626.2661432985284,53,Leste,12,Wednesday,False,Baixo,879.2443751227021
2023-12-14,D,Roupas,1416.5759912138903,44,Sul,12,Thursday,False,Alto,899.2910703290169
2023-12-15,D,Eletrônicos,1204.2477856223566,42,Oeste,12,Friday,False,Alto,949.2093955707389
2023-12-16,C,Casa,915.1203057499362,58,Norte,12,Saturday,True,Médio,916.4765212158051
2023-12-17,D,Casa,868.2419417563584,57,Oeste,12,Sunday,True,Médio,978.8479215613269
2023-12-18,A,Eletrônicos,795.4868557047253,53,Sul,12,Monday,False,Baixo,748.3985175314073
2023-12-19,A,Casa,953.9089519374389,50,Sul,12,Tuesday,False,Médio,794.0908312210784
2023-12-20,D,Casa,903.9449869473935,42,Sul,12,Wednesday,False,Médio,1032.8057169523404
2023-12-21,D,Roupas,1040.4884685492993,69,Norte,12,Thursday,False,Médio,1001.9979753350383
2023-12-22,C,Casa,892.7641039963772,41,Leste,12,Friday,False,Médio,893.2549837325715
2023-12-23,B,Eletrônicos,1223.5996093889905,57,Oeste,12,Saturday,True,Alto,781.8153606094584
2023-12-24,D,Roupas,982.7956046623399,54,Oeste,12,Sunday,True,Médio,1032.3481602905756
2023-12-25,A,Roupas,914.4264693144767,52,Leste,12,Monday,False,Médio,796.115803441777
2023-12-26,C,Eletrônicos,1167.5904660064023,58,Oeste,12,Tuesday,False,Médio,907.9284720308541
2023-12-27,D,Eletrônicos,658.0746293782177,43,Norte,12,Wednesday,False,Baixo,1010.624201161408
2023-12-28,A,Roupas,1046.149292845851,33,Oeste,12,Thursday,False,Médio,847.9908967865747
2023-12-29,A,Casa,989.5491680823559,45,Sul,12,Friday,False,Médio,902.5530689646041
2023-12-30,B,Roupas,710.4172353729421,50,Leste,12,Saturday,True,Baixo,805.322084735036
2023-12-31,C,Eletrônicos,654.8998817662255,41,Norte,12,Sunday,True,Baixo,916.863950017538
2024-01-01,C,Roupas,1202.0690005883157,59,Leste,1,Monday,False,Alto,954.8913654491278
